Haplotype	Contig	Length	NumProdV	Order	LatinName	CommonName	sample	locus	R15_5	hmrc	pi_min	pi_mean	pi_max	sim_95	Simple_repeat	LINE/L1	LTR/ERVL-MaLR	LTR/ERVL	LTR/ERV1	Low_complexity
haploid	NW_026622930.1	537463	23	Carnivora	Ursus arctos	brown bear	UrsArc2.0	IGH	0.3155510239774645	medium	0.9193548387096774	94.68043750079555	0.9765886287625418	39.130434782608695	0.0105216545138921	0.3852153543592768	0.0099504524032351	0.0173686374689978	0.0088545630117794	0.0101067422315582
haploid	NW_026623100.1	180004	16	Carnivora	Ursus arctos	brown bear	UrsArc2.0	IGK	0.0	low	0.6686046511627907	83.08284991025675	0.9235668789808916	0.0	0.0163274149463345	0.1392302393280149	0.0182051509966445	0.0288160263105264	0.0049610008666474	0.0059165351881069
haploid	NW_026623030.1	1148887	47	Carnivora	Ursus arctos	brown bear	UrsArc2.0	IGL	0.3156576756460818	medium	0.6086956521739131	86.25973215581804	1.0	17.02127659574468	0.0157752677156239	0.2593701556375866	0.0081478857363691	0.0220500362524774	0.0162931602498766	0.0035669304291892
haploid	NW_026622985.1	139638	8	Carnivora	Ursus arctos	brown bear	UrsArc2.0	TRB	0.0	low	0.5730027548209367	69.34439965172366	0.939799331103679	0.0	0.0211547000100259	0.1408069436686289	0.0218923215743565	0.0147309471633795	0.0040748220398458	0.005578710666151
primary	SUPER_3	245272	15	Artiodactyla	Balaenoptera acutorostrata	minke whale	mBalAcu1	IGH	0.3644932972373528	medium	0.6066481994459834	87.54445968917835	0.9864406779661016	40.0	0.0182246648618676	0.2652973025865162	0.0150812159561629	0.0033717668547571	0.0394093088489513	0.001887700185916
primary	SUPER_12	173207	5	Artiodactyla	Balaenoptera acutorostrata	minke whale	mBalAcu1	IGK	0.0	low	0.7327586206896551	88.76560186164586	1.0	40.0	0.0170258707788946	0.3072970491954713	0.0292251467896794	0.0086947987090591	0.0166852378945423	0.0040240867863308
alternate	atg005705l_1	213365	16	Artiodactyla	Balaenoptera acutorostrata	minke whale	mBalAcu1	IGL	0.0	low	0.5706666666666667	85.86228693608842	0.9930795847750864	25.0	0.0132777165889438	0.1229020692240995	0.035338504440747	0.0606144400440559	0.0038994211796686	0.0052117263843648
primary	SUPER_3	225536	14	Artiodactyla	Balaenoptera acutorostrata	minke whale	mBalAcu1	TRA	0.0	low	0.547945205479452	77.7605895742637	0.9726962457337884	14.28571428571428	0.0122064770147559	0.1719548098751419	0.012627695800227	0.0600125922247446	0.0176246807604994	0.0036402170828603
primary	SUPER_7	191892	9	Artiodactyla	Balaenoptera acutorostrata	minke whale	mBalAcu1	TRB	0.0	low	0.5395095367847411	61.304973561705545	0.6436781609195402	0.0	0.0093698538761386	0.1238457048756592	0.0295530819419256	0.0179736518458299	0.0061961936922852	0.0019385904571321
maternal	21_O_hifiasm	669256	22	Artiodactyla	Bos taurus	cattle	mBosTau	IGH	0.438951611939228	medium	0.6406685236768802	94.65417734771219	1.0	59.09090909090909	0.0502229341238629	0.0917332082192763	0.0179318526841746	0.0015958019053994	0.0072737487598168	0.0008875527451378
paternal	11_H_hifiasm	225727	12	Artiodactyla	Bos taurus	cattle	mBosTau	IGK	0.0	low	0.6214689265536724	84.81340801370911	0.9387096774193548	0.0	0.0139859210462195	0.0982115564376437	0.0123069016998409	0.0064679900942288	0.0	0.0022859471839877
paternal	17_H_hifiasm	477857	38	Artiodactyla	Bos taurus	cattle	mBosTau	IGL	0.0017787748217562	low	0.6153846153846154	89.8762307121736	1.0	44.73684210526316	0.0116813188882866	0.0326290082597932	0.0086155481660831	0.0038568023488198	0.010534532297319	0.0014188345048832
maternal	10_O_hifiasm	2725129	127	Artiodactyla	Bos taurus	cattle	mBosTau	TRA	0.0647510631606797	low	0.5994152046783626	92.19593362244208	0.986254295532646	33.07086614173228	0.0120456682968035	0.1547868009184152	0.008108240013592	0.0234282487177671	0.0026934504751885	0.0031352644223447
paternal	4_H_hifiasm	720614	43	Artiodactyla	Bos taurus	cattle	mBosTau	TRB	0.1932810075851981	medium	0.5971830985915493	90.00158463508004	1.0	48.837209302325576	0.0098943401044109	0.0994277102581964	0.008743932257769	0.014489032963556	0.0005800608925166	0.0013432989089859
haplotype1	SUPER_5	414693	25	Artiodactyla	Camelus dromedarius	dromedary	mCamDro1	IGH	0.2860573966765776	medium	0.8539682539682539	93.85232390189324	1.0	44.0	0.0385345303634254	0.0740885426086285	0.0057343625284246	0.0438396597000672	0.0246495600359784	0.0008102379350507
haplotype2	SUPER_33	112659	9	Artiodactyla	Camelus dromedarius	dromedary	mCamDro1	IGK	0.0	low	0.580110497237569	81.52321150266118	0.8819672131147541	0.0	0.0069413007393994	0.1578924009621956	0.0165987626376942	0.0052903008192865	0.002556386973078	0.0031777310290345
haplotype1	SUPER_31	424909	45	Artiodactyla	Camelus dromedarius	dromedary	mCamDro1	IGL	0.0	low	0.5721518987341773	85.04424291944568	0.9860627177700348	6.66666666666666	0.0109599937869049	0.1338215947414623	0.0136570418607278	0.0435199066152988	0.000983740047869	0.0013085154703713
haplotype2	SUPER_5	589637	49	Artiodactyla	Camelus dromedarius	dromedary	mCamDro1	TRA	0.0	low	0.520891364902507	90.21536661791775	1.0	57.14285714285714	0.0109626770368887	0.1698231284671755	0.0117088988648948	0.0364614160915953	0.0035767768983289	0.001112548907209
haplotype1	SUPER_7	317771	18	Artiodactyla	Camelus dromedarius	dromedary	mCamDro1	TRB	0.0	low	0.5039164490861618	86.10589003786498	1.0	55.55555555555556	0.0069798691510553	0.1289387640785345	0.0156150183622797	0.0185920049343709	0.0037700104792444	0.0022311664689351
primary	SUPER_8	2515529	79	Carnivora	Canis lupus orion	Greenland wolf	mCanLor1	IGH	0.2780663629797152	medium	0.6149584487534626	93.66794681353576	1.0	49.36708860759494	0.0205785741289406	0.3751532977755374	0.023299274228204	0.0147086358376309	0.0071877525562217	0.0058778889052759
primary	SUPER_17	308552	17	Carnivora	Canis lupus orion	Greenland wolf	mCanLor1	IGK	0.0628451606212243	low	0.6601123595505618	88.363967075412	0.9738562091503268	29.411764705882348	0.020554071923047	0.2167803157976613	0.0066180092820659	0.0390728305115507	0.0036849542378594	0.0035455936114496
primary	SUPER_26	4710264	162	Carnivora	Canis lupus orion	Greenland wolf	mCanLor1	IGL	0.3194298663514401	medium	0.5809018567639257	95.3271293937311	1.0	69.1358024691358	0.0211720616933573	0.251476138067845	0.0079577280594038	0.0069388892002656	0.0097463751500977	0.0073961884089724
primary	SUPER_8	449814	17	Carnivora	Canis lupus orion	Greenland wolf	mCanLor1	TRA	0.0	low	0.522911051212938	79.46045899209855	0.9929078014184396	29.411764705882348	0.0258684700787436	0.273566407448412	0.0079388369414913	0.022040221069153	0.0075097707052248	0.007841018732187
primary	SUPER_16	234736	6	Carnivora	Canis lupus orion	Greenland wolf	mCanLor1	TRB	0.0	low	0.5105820105820106	66.36322155574742	0.9326599326599326	0.0	0.0211897621157385	0.1010837707041101	0.021355906209529	0.0185825778747188	0.0022535955285938	0.0067778270056574
primary	SUPER_10	7248931	217	Rodentia	Chionomys nivalis	European snow vole	mChiNiv1	IGH	0.0500349637760381	low	0.6215139442231076	92.92194481554964	1.0	43.31797235023041	0.0146207764979415	0.2381491836520446	0.011380712549202	0.0006318172983023	0.0012608755691011	0.0047357327583887
primary	SUPER_1	2697566	62	Rodentia	Chionomys nivalis	European snow vole	mChiNiv1	IGK	0.0	low	0.6256983240223464	83.51599827260287	0.972318339100346	3.2258064516128995	0.0157645818489705	0.2270420816395224	0.0150198364006663	0.001483188919196	0.0023528618020838	0.0039576418148805
alternate	atg000166l_1	669292	8	Rodentia	Chionomys nivalis	European snow vole	mChiNiv1	IGL	0.0	low	0.5380577427821522	78.06240024117068	0.902439024390244	0.0	0.0172540535371706	0.2331254519701416	0.014149280134829	0.0006887875546099	0.0006320111401301	0.0049275951303765
primary	SUPER_12	5362398	56	Rodentia	Chionomys nivalis	European snow vole	mChiNiv1	TRA	0.3081308026744751	medium	0.6470588235294118	88.54511403598944	0.9719298245614036	7.14285714285714	0.0183266889179057	0.2195417050356948	0.020559645143833	0.0035954063834873	0.0015966737269408	0.0057037914753809
haplotype2	JAPDVU010000001.1	1530347	168	Chiroptera	Corynorhinus townsendii	Townsend's Big-eared Bat	mCorTow1.0	IGH	0.0395119538248514	low	0.4678899082568807	93.3810551804021	1.0	53.57142857142857	0.037451636785644	0.1320047022015268	0.0098239157524404	0.0102970110700383	0.0154402890324874	0.0060567962690814
haplotype2	JAPDVU010000014.1	1026956	127	Chiroptera	Corynorhinus townsendii	Townsend's Big-eared Bat	mCorTow1.0	IGL	0.0918705377835077	medium	0.6136986301369863	93.4133134200536	1.0	44.88188976377952	0.0221557690884516	0.0348038280121056	0.0044958109208184	0.0129703706877412	0.0019504243609268	0.0057704517038704
haplotype2	JAPDVU010000001.1	901696	37	Chiroptera	Corynorhinus townsendii	Townsend's Big-eared Bat	mCorTow1.0	TRA	0.0	low	0.5270655270655271	82.99840903805791	1.0	48.64864864864865	0.0168859571296756	0.1595593193271346	0.0097327702462914	0.0105512279082972	0.0043362729789197	0.0034058041734686
haplotype2	JAPDVU010000004.1	232820	6	Chiroptera	Corynorhinus townsendii	Townsend's Big-eared Bat	mCorTow1.0	TRB	0.0	low	0.4986876640419947	67.0059387597366	0.8859934853420195	0.0	0.0162958508719182	0.1303152650115969	0.0078988059445064	0.023185293359677	0.0	0.0023881109870286
primary	SUPER_3	2095301	97	Dermoptera	Cynocephalus volans	Philippine flying lemur	mCynVol1	IGH	0.5267252771797465	medium	0.6222826086956522	94.38066273354356	1.0	62.88659793814433	0.0182627698836587	0.2912416879484141	0.0304080416131142	0.0049138524727473	0.0212317943818095	0.0030372724491612
primary	SUPER_14	1524095	48	Dermoptera	Cynocephalus volans	Philippine flying lemur	mCynVol1	IGK	0.0038048809293383	low	0.6140845070422535	89.3514534479933	0.9930555555555556	35.41666666666667	0.0145161554889951	0.2618353842772268	0.0333522516641023	0.0175369645592958	0.0049622890961521	0.0029473228374871
primary	SUPER_2	1484887	29	Dermoptera	Cynocephalus volans	Philippine flying lemur	mCynVol1	IGL	0.1265584519226042	medium	0.6561604584527221	96.11148030929371	1.0	79.3103448275862	0.0100606982214808	0.3061647115235031	0.0351757406455844	0.0154247427582031	0.0099920061257186	0.0015428783469718
primary	SUPER_3	1007584	41	Dermoptera	Cynocephalus volans	Philippine flying lemur	mCynVol1	TRA	0.0	low	0.5257452574525745	79.08449175832467	0.971326164874552	14.634146341463412	0.0105668609267316	0.345498737574237	0.0336855289484549	0.0310862419411185	0.0077680868294851	0.0031511020421126
primary	SUPER_6	442700	30	Dermoptera	Cynocephalus volans	Philippine flying lemur	mCynVol1	TRB	0.0	low	0.5336927223719676	76.76536135551625	0.9269102990033222	0.0	0.0104721030042918	0.2488276485204427	0.0291958436864693	0.0407138016715608	0.0033747458775694	0.0010187485882087
haplotype2	SUPER_19	12881005	84	Cingulata	Dasypus novemcinctus	nine-banded armadillo	mDasNov1	IGH	0.0489360108159262	low	0.6185286103542235	84.97514994705968	0.944078947368421	0.0	0.011161085645103	0.2200371787760349	0.0106415609651576	0.0177922452479445	0.003067850684011	0.0036840293129301
haplotype2	SUPER_17	16437496	94	Cingulata	Dasypus novemcinctus	nine-banded armadillo	mDasNov1	IGK	0.4612369183238128	medium	0.8222222222222222	96.04105088816578	1.0	64.8936170212766	0.0101269682438249	0.2420486064300791	0.0216186212303869	0.0086570971637042	0.0081135228869409	0.0035704343289269
haplotype2	SUPER_19	5820857	86	Cingulata	Dasypus novemcinctus	nine-banded armadillo	mDasNov1	IGL	0.0024578854969294	low	0.556390977443609	80.39532225667055	0.9228295819935692	0.0	0.0093951801255382	0.1990681097302339	0.009331787398316	0.0107905073084599	0.0053528200400731	0.0034996564938805
haplotype1	SUPER_3	1046790	30	Cingulata	Dasypus novemcinctus	nine-banded armadillo	mDasNov1	TRA	0.0	low	0.5406162464985994	77.1615784590066	0.9722222222222222	6.66666666666666	0.0110031620477841	0.228340927979824	0.0147842451685629	0.0408114330476982	0.0052866381986835	0.0041689355075994
haplotype2	SUPER_5	384740	19	Cingulata	Dasypus novemcinctus	nine-banded armadillo	mDasNov1	TRB	0.0	low	0.5994475138121547	79.10948661684186	0.9463087248322148	0.0	0.0084602588761241	0.1704267817227218	0.0106591464365545	0.0143785413526017	0.0009720850444455	0.0026121536622134
paternal	scaffold_22	2040864	83	Perissodactyla	Diceros bicornis	black rhinoceros	mDicBic1	IGH	0.2230011406933534	medium	0.6225895316804407	89.69436209180614	1.0	39.75903614457831	0.0112222078492246	0.1893021779011242	0.0243705607037019	0.0699292064537372	0.0417337950985464	0.0012445709268231
paternal	scaffold_33	1689190	47	Perissodactyla	Diceros bicornis	black rhinoceros	mDicBic1	IGL	0.007095116594344	low	0.6225352112676056	82.30612044301948	1.0	8.51063829787234	0.0094879794457698	0.2418129399297888	0.0158774323788324	0.0545569178126794	0.0186852870310622	0.0013473913532521
paternal	scaffold_11	2330140	86	Perissodactyla	Diceros bicornis	black rhinoceros	mDicBic1	TRA	0.1516243659179277	medium	0.5277777777777778	85.59248168606146	0.9861111111111112	9.30232558139534	0.0098208691323268	0.227288918262422	0.0338735011630202	0.0498536568618194	0.0167123005484648	0.0023002909696413
paternal	scaffold_2	699483	23	Perissodactyla	Diceros bicornis	black rhinoceros	mDicBic1	TRB	0.0012552127785807	low	0.5185185185185185	78.77287292421026	0.9006622516556292	0.0	0.0077914688419875	0.1686245412683367	0.0254902549454382	0.0307541427025388	0.0201005599850175	0.0025047070479196
alternate	JANKKK010000358.1	759884	69	Rodentia	Dipodomys merriami	Merriam’s Kangaroo Rat	mDipMer1.0	IGH	0.0	low	0.6198347107438017	94.24146228813952	0.986842105263158	43.47826086956521	0.0195029767701386	0.1016813092524648	0.0062285822572919	0.0013896857941475	0.0042690726479304	0.0026280326997278
primary	JANKKJ010000036.1	4560734	88	Rodentia	Dipodomys merriami	Merriam’s Kangaroo Rat	mDipMer1.0	IGK	0.4497971159905401	medium	0.7393939393939394	94.96088319438005	1.0	63.63636363636363	0.0239634672839942	0.1206323368124516	0.0025513437091485	0.0010476383845231	5.832394522460639e-05	0.0047634876315961
primary	JANKKJ010000002.1	1037879	27	Rodentia	Dipodomys merriami	Merriam’s Kangaroo Rat	mDipMer1.0	TRA	0.0	low	0.5514285714285714	86.41564541807054	0.9858657243816256	44.44444444444444	0.0263527829351976	0.2148246568241577	0.0025002914597944	0.005499677708095	0.0003237371601121	0.0057106849642395
alternate	JANKKK010000046.1	277027	7	Rodentia	Dipodomys merriami	Merriam’s Kangaroo Rat	mDipMer1.0	TRB	0.0	low	0.503957783641161	79.16652108588926	0.986254295532646	57.14285714285714	0.0298743443779848	0.0717655679771285	0.0055409761503391	0.0014583416056918	0.0	0.0041440004042927
primary	SUPER_21	2919906	54	Proboscidea	Elephas maximus	Asiatic elephant	mEleMax1	IGH	0.2095129089772068	medium	0.6837606837606838	88.31374824836256	0.9730639730639732	7.4074074074074	0.0121586105854092	0.2112931032711327	0.0179937299351417	0.0171628812708354	0.0007534489123964	0.0026093305743404
primary	SUPER_17	3916563	79	Proboscidea	Elephas maximus	Asiatic elephant	mEleMax1	IGK	0.6621341211669517	high	0.6754385964912281	93.44833430039976	1.0	50.63291139240506	0.0079682109032843	0.2029784788346312	0.0127343796078347	0.0105860674269761	0.0027789671709608	0.0017688978831695
primary	SUPER_22	321700	3	Proboscidea	Elephas maximus	Asiatic elephant	mEleMax1	IGL	0.1723469070562636	medium	0.7962962962962963	84.23551756885091	0.8653846153846154	0.0	0.004152937519428	0.2645321728318309	0.0324339446689462	0.0525520671433012	0.011249611439229	0.0022505439850792
primary	SUPER_10	1589477	40	Proboscidea	Elephas maximus	Asiatic elephant	mEleMax1	TRA	0.0557975988328236	low	0.5464788732394367	84.68257978364574	1.0	27.500000000000004	0.0094131591712242	0.2382928472698881	0.0119630545141578	0.0281709014977882	0.0029468812697509	0.001849035877839
primary	SUPER_8	1065097	32	Proboscidea	Elephas maximus	Asiatic elephant	mEleMax1	TRB	0.536967994464354	medium	0.5320855614973262	92.89162735848232	1.0	71.875	0.0348850855837543	0.1590850410807654	0.0095315262365775	0.0165778328171049	0.0	0.0009773757695308
alternate	atg001381l_1	1527554	246	Chiroptera	Eptesicus nilssonii	northern bat	mEptNil1	IGH	0.1518342395751639	medium	0.838006230529595	97.46655389221324	1.0	80.89430894308943	0.0320597504245349	0.1153392940609628	0.0145088160549479	0.0125619127048863	0.0147346673178165	0.0035835067041819
primary	SUPER_22	772302	128	Chiroptera	Eptesicus nilssonii	northern bat	mEptNil1	IGL	0.0326271329091469	low	0.6174863387978142	90.05290692060804	1.0	23.4375	0.0222179924433706	0.0450549137513563	0.0055457580065829	0.010236928041103	0.0011290919873313	0.008868292455542
primary	SUPER_4	632348	36	Chiroptera	Eptesicus nilssonii	northern bat	mEptNil1	TRA	0.0	low	0.5164835164835165	78.50417371605299	0.993006993006993	11.11111111111111	0.0227517126645454	0.1864179217772492	0.0096718895291832	0.0203495543593084	0.0049608759733564	0.0039139840720615
primary	SUPER_12	255216	16	Chiroptera	Eptesicus nilssonii	northern bat	mEptNil1	TRB	0.0	low	0.5146666666666667	67.79655447830169	0.799373040752351	0.0	0.0165741959751739	0.1072777568804463	0.0118644599084696	0.0209391260736004	0.0	0.0042513008588803
primary	SUPER_14	1811342	13	Eulipotyphla	Erinaceus europaeus	western European hedgehog	mEriEur2	IGH	0.0	low	0.8090909090909091	91.41199582375495	1.0	30.76923076923077	0.0217584531248102	0.2580545253187968	6.293676180423133e-05	0.000194331053992	0.0001954352077078	0.0055798408031172
primary	SUPER_3	180728	6	Eulipotyphla	Erinaceus europaeus	western European hedgehog	mEriEur2	IGK	0.0	low	0.6193029490616622	71.10935696448227	0.8018867924528302	0.0	0.0320536939489177	0.2139624186622991	0.0006529148776061	0.0011287680934885	0.0	0.0098379885795228
primary	SUPER_6	1160466	67	Eulipotyphla	Erinaceus europaeus	western European hedgehog	mEriEur2	IGL	0.0	low	0.6098901098901099	82.4925385254579	0.9743589743589745	5.97014925373134	0.0485692816506472	0.0662190878491916	0.0005239274567285	0.0002628254511549	0.0	0.0113152819643143
primary	SUPER_16	543774	15	Eulipotyphla	Erinaceus europaeus	western European hedgehog	mEriEur2	TRA	0.0	low	0.5149051490514905	68.69899758608511	1.0	13.33333333333333	0.048555098257732	0.0566283051414742	0.0063059285659115	0.0067491273948368	0.0046710581969715	0.0128472490409618
primary	SUPER_8	341454	7	Eulipotyphla	Erinaceus europaeus	western European hedgehog	mEriEur2	TRB	0.0	low	0.5264550264550265	75.92745650035992	1.0	28.57142857142857	0.0410479888945509	0.0701002184774523	0.0	0.0	0.0	0.012309125094449
primary	SUPER_22	1751337	30	Hyracoidea	Heterohyrax brucei	Yellow-spotted hyrax	mHetBru1	IGH	0.0080401430449993	low	0.6694915254237288	82.72268862934484	0.9276315789473684	0.0	0.0106929734254458	0.1833507771491152	0.0082257155533172	0.0146368174714518	0.0007519969029375	0.0012339144322309
primary	SUPER_23	1585334	62	Hyracoidea	Heterohyrax brucei	Yellow-spotted hyrax	mHetBru1	IGK	0.0	low	0.6434540389972145	85.77047817706739	0.9523809523809524	3.2258064516128995	0.0085647567011115	0.1461502749578322	0.0136053349010366	0.0078614348774453	5.8031935226267774e-05	0.0024247256414105
primary	SUPER_21	135078	2	Hyracoidea	Heterohyrax brucei	Yellow-spotted hyrax	mHetBru1	IGL	0.0	low	0.7484662576687117	74.84662576687117	0.7484662576687117	0.0	0.0030204770576999	0.1748915441448644	0.014465716104769	0.0913028028250344	0.0037089681517345	0.0018433793808022
alternate	atg001324l_1	1241558	29	Hyracoidea	Heterohyrax brucei	Yellow-spotted hyrax	mHetBru1	TRA	0.0	low	0.5994236311239193	76.9134929214256	0.9096989966555185	0.0	0.0060158284993532	0.1961559588839184	0.0109966670908648	0.0262412227217737	0.0013394460830665	0.0020152099217273
alternate	atg000946l_1	467504	9	Hyracoidea	Heterohyrax brucei	Yellow-spotted hyrax	mHetBru1	TRB	0.0	low	0.5292553191489362	67.0067450834522	0.7522658610271903	0.0	0.014598805571717	0.1131690851842978	0.0089838803518258	0.0050373900544166	0.0003144358123139	0.0033133406345186
haplotype1	JASFZM010000003.1	932486	101	Artiodactyla	Hippopotamus amphibius kiboko	hippopotamus	mHipAmp2	IGH	0.7392550665640021	high	0.7647058823529411	96.92610855504049	1.0	67.32673267326733	0.0101299107975883	0.1435549702622881	0.0037662763837741	0.0004107300270459	0.0351297499372644	0.0011528323213431
haplotype2	NC_080192.1	286762	14	Artiodactyla	Hippopotamus amphibius kiboko	hippopotamus	mHipAmp2	IGK	0.0	low	0.6446991404011462	83.36212047362649	0.9738562091503268	14.28571428571428	0.0180532985542017	0.2150738242863419	0.012076216514043	0.0516107434039377	0.005499333942433	0.0032396203123147
haplotype1	JASFZM010000007.1	396945	24	Artiodactyla	Hippopotamus amphibius kiboko	hippopotamus	mHipAmp2	IGL	0.2163926992404489	medium	0.6081081081081081	94.14472705090606	0.9966329966329966	83.33333333333334	0.0143017294587411	0.0959830707024902	0.0174633765383113	0.0420990313519505	0.0	0.0035093022962878
haplotype2	NC_080187.1	1167436	64	Artiodactyla	Hippopotamus amphibius kiboko	hippopotamus	mHipAmp2	TRA	0.0	low	0.5437158469945356	86.86093775672549	1.0	25.0	0.0129052042253279	0.2406598734320339	0.0142243343532322	0.0364413980723568	0.0065536783172696	0.002590291887521
haplotype1	JASFZM010000003.1	414413	25	Artiodactyla	Hippopotamus amphibius kiboko	hippopotamus	mHipAmp2	TRB	0.287804677942053	medium	0.5134408602150538	84.59857693295446	0.9861111111111112	8.0	0.0146472239046555	0.117025768979255	0.0266135473549333	0.0208463537582073	0.0057575413898695	0.0021958770598412
alternate	h2tg000012l	794001	80	Primates	Lemur catta	Ring-tailed lemur	mLemCat1	IGH	0.0007607043316066	low	0.553475935828877	97.47457992349075	1.0	80.0	0.0286334651971471	0.0887706690545729	0.005926944676392	0.0325049968450921	0.0976484916265848	0.0035969727997823
alternate	h2tg000086l	131516	11	Primates	Lemur catta	Ring-tailed lemur	mLemCat1	IGK	0.0	low	0.5982905982905983	81.64073317754223	0.935483870967742	0.0	0.0056114845342011	0.1893001611971167	0.0407478937923902	0.0126904711213844	0.0	0.0030794732199884
primary	SUPER_21	1211165	124	Primates	Lemur catta	Ring-tailed lemur	mLemCat1	IGL	0.2961570058579962	medium	0.648876404494382	93.78468069544738	1.0	55.64516129032258	0.0100407458934166	0.1407884144604575	0.0247786222356161	0.0244921212221291	0.0078445133404614	0.0017346934563003
primary	SUPER_1	532907	41	Primates	Lemur catta	Ring-tailed lemur	mLemCat1	TRA	0.0	low	0.5337078651685393	77.03677553243115	0.9653979238754326	9.75609756097561	0.0107786161562899	0.1793483666005513	0.0225799248274089	0.0407782220912842	0.013685314698437	0.0023118480335217
alternate	h2tg000014l	208213	15	Primates	Lemur catta	Ring-tailed lemur	mLemCat1	TRB	0.0	low	0.4617737003058104	69.49551162885166	0.9657534246575342	13.33333333333333	0.009576731520126	0.1085907220010277	0.0257620801775105	0.0237353095147757	0.0102779365361432	0.0015993237694092
primary	HiC_scaffold_5_arrow_ctg1	1899974	39	Carnivora	Lutra lutra	Eurasian river otter	mLutLut1	IGH	0.0544575873143527	low	0.8385093167701864	94.7963715777656	1.0	48.71794871794871	0.01776182200388	0.3917074654705801	0.0112364695516886	0.0183781462272641	0.0101790866611858	0.0058279744880719
primary	HiC_scaffold_4_arrow_ctg1	712835	37	Carnivora	Lutra lutra	Eurasian river otter	mLutLut1	IGK	0.0	low	0.5786666666666667	88.81978511589995	1.0	29.72972972972973	0.0147495563489447	0.2141168713657438	0.0098956981629689	0.0483884769967804	0.0050530627704868	0.0052270160696374
primary	HiC_scaffold_7_arrow_ctg1	3432068	56	Carnivora	Lutra lutra	Eurasian river otter	mLutLut1	IGL	0.009952891376278	low	0.5940054495912807	82.76953652380575	1.0	7.14285714285714	0.020550292127079	0.3157361683975958	0.0068780688494517	0.0191109267065804	0.0099115169046767	0.0059774456683259
primary	HiC_scaffold_5_arrow_ctg1	659217	27	Carnivora	Lutra lutra	Eurasian river otter	mLutLut1	TRA	0.0	low	0.5446927374301676	78.31506556308261	0.9112627986348124	0.0	0.0180122782027769	0.1988950527671464	0.0109554213559419	0.0227421319535145	0.006025330050651	0.0068065599036432
primary	HiC_scaffold_13_arrow_ctg1	122047	5	Carnivora	Lutra lutra	Eurasian river otter	mLutLut1	TRB	0.0	low	0.5466666666666666	58.66724489532512	0.6446991404011462	0.0	0.0205330733242111	0.1414373151326947	0.0121100887363065	0.0192794579137545	0.0051209779838914	0.0082591132924201
primary	Super_Scaffold_2	1122541	29	Carnivora	Lynx canadensis	Canada lynx	mLynCan4	IGH	0.4534213004246615	medium	0.5799457994579946	91.036820754162	0.979933110367893	24.137931034482758	0.0120432126755281	0.3922226448744411	0.0022734136214178	0.0161918362001922	0.0313752459821066	0.0060630302144865
primary	Super_Scaffold_9	149885	10	Carnivora	Lynx canadensis	Canada lynx	mLynCan4	IGK	0.0	low	0.6521739130434783	86.44974183345896	0.980327868852459	20.0	0.028688661307002	0.1452380158121226	0.0132701737999132	0.0481702638689662	0.0082663375254361	0.0142642692731093
primary	Super_Scaffold_6	893484	50	Carnivora	Lynx canadensis	Canada lynx	mLynCan4	IGL	0.0	low	0.6704225352112676	86.24376802388132	0.965034965034965	18.0	0.0218179620452073	0.1936979285583177	0.0126090674259415	0.037037037037037	0.0119185122509188	0.0073095880843977
primary	Super_Scaffold_2	498448	28	Carnivora	Lynx canadensis	Canada lynx	mLynCan4	TRA	0.0	low	0.5318559556786704	72.94648684215257	1.0	10.71428571428571	0.0291384457355631	0.1653953872821237	0.0146314159150001	0.0254911244502937	0.0096880717747889	0.0167499919750906
primary	Super_Scaffold_5	129130	5	Carnivora	Lynx canadensis	Canada lynx	mLynCan4	TRB	0.0	low	0.5225464190981433	57.65958807131051	0.598314606741573	0.0	0.0245101835359715	0.1925733756679315	0.0087741036165104	0.0224889646093084	0.0043367149384341	0.0101912801053202
primary	NW_025814831.1	1223954	36	Carnivora	Lynx rufus	Bobcat	mLynRuf1	IGH	0.7465043620920394	high	0.5826558265582655	91.50842918370964	0.9865319865319864	19.44444444444444	0.0123386990033939	0.4023476372478051	0.0025605537463009	0.0168151744264898	0.0390995086416646	0.0068033602570031
primary	NW_025814896.1	149194	10	Carnivora	Lynx rufus	Bobcat	mLynRuf1	IGK	0.0	low	0.6656976744186046	87.1379719830331	0.96742671009772	30.0	0.0269313779374505	0.1485448476480287	0.0133249326380417	0.0455849430942263	0.0083113261927423	0.0128758529163371
primary	NW_025814839.1	1177296	71	Carnivora	Lynx rufus	Bobcat	mLynRuf1	IGL	0.003470664981449	low	0.6751412429378532	89.71987948198583	1.0	23.94366197183098	0.0214601935282206	0.1934313885378018	0.0109139927426917	0.0378434990011008	0.0139659015234911	0.0087446147782715
primary	NW_025814827.1	494326	30	Carnivora	Lynx rufus	Bobcat	mLynRuf1	TRA	0.0	low	0.5318559556786704	76.58207259922047	0.9929824561403509	23.333333333333332	0.0281575316693841	0.1632485444827907	0.0144479553978548	0.0248783191658945	0.010027795422454	0.0177049153797291
primary	NW_025814856.1	129509	6	Carnivora	Lynx rufus	Bobcat	mLynRuf1	TRB	0.0	low	0.526595744680851	58.285314873773	0.6022408963585434	0.0	0.0255426263811781	0.1947200580654626	0.0087484267502644	0.0215969546518002	0.0043240238130168	0.0102155062582523
primary	SUPER_1	3412532	26	Didelphimorphia	Macropus eugenii	tammar wallaby	mMacEug1	IGH	0.2873429465276809	medium	0.790273556231003	91.84945631747436	1.0	30.76923076923077	0.0246075348157907	0.1081988388680311	0.0	0.0	0.0	0.0042692639951801
primary	SUPER_1	4801159	12	Didelphimorphia	Macropus eugenii	tammar wallaby	mMacEug1	IGK	0.2872231475774912	medium	0.660056657223796	83.37980900547677	0.9053627760252366	0.0	0.0126325747595528	0.0297394858199863	0.0	0.0	0.0	0.0029540783798245
primary	SUPER_4	5240500	70	Didelphimorphia	Macropus eugenii	tammar wallaby	mMacEug1	IGL	0.1023673313615113	medium	0.7091412742382271	88.85507445794121	1.0	28.57142857142857	0.0162196355309607	0.0543310752790764	0.0	0.0	0.0	0.0034237191107718
haplotype2	scaffold_10	529580	19	Pholidota	Manis pentadactyla	Chinese pangolin	mManPen7	IGH	0.039552097888893	low	0.6094182825484764	85.09055974184922	0.9602649006622516	10.52631578947368	0.0076154688621171	0.2015200725102911	0.0291249669549454	0.0160655613882699	0.0522942709316817	0.0100022659465991
haplotype2	scaffold_1	3748451	50	Pholidota	Manis pentadactyla	Chinese pangolin	mManPen7	IGK	0.495510012002291	medium	0.7863501483679525	95.92769061599292	1.0	70.0	0.0085638040886755	0.2165329091936909	0.0130712659709303	0.0240355282755463	0.0066726229047678	0.0013296158866689
haplotype1	SUPER_14	326857	22	Pholidota	Manis pentadactyla	Chinese pangolin	mManPen7	IGL	0.0	low	0.5795148247978437	88.86574637751085	1.0	50.0	0.0098391651394952	0.2115542882667344	0.0238911817706214	0.0100319099789816	0.0082788497722245	0.0012696683870928
haplotype1	SUPER_11	605082	13	Pholidota	Manis pentadactyla	Chinese pangolin	mManPen7	TRA	0.0642458377542217	low	0.5223463687150838	65.49152562104267	0.9722222222222222	15.38461538461538	0.0110199939842864	0.2309653898149341	0.0106283115346349	0.0208170132312645	0.0157251413857956	0.0033069897964242
haplotype2	scaffold_7	202399	7	Pholidota	Manis pentadactyla	Chinese pangolin	mManPen7	TRB	0.0	low	0.5065963060686016	56.85724770479528	0.6371428571428571	0.0	0.0058399498021235	0.1517843467606065	0.0177718269359038	0.0203805354769539	0.0034634558471138	0.0013636431010034
primary	SUPER_7	1646586	56	Carnivora	Martes martes	European pine marten	mMarMar1	IGH	0.0	low	0.85	93.01524100635906	0.979933110367893	25.0	0.0158509789345955	0.3916309260494137	0.0075720308565723	0.0272764374287161	0.0145671103726133	0.0037046349234112
primary	SUPER_9	765004	45	Carnivora	Martes martes	European pine marten	mMarMar1	IGK	0.064540839002149	low	0.7360703812316716	89.00132609988938	0.980327868852459	8.888888888888879	0.0134496028778934	0.1627651620122247	0.0121084334199559	0.0404442329713308	0.0083973417132459	0.0038967116511809
primary	SUPER_13	2413506	54	Carnivora	Martes martes	European pine marten	mMarMar1	IGL	0.0	low	0.4965986394557823	80.83442874396731	0.9537953795379538	3.7037037037037	0.0197455485919653	0.3235392826866807	0.006519146834522	0.0211663032948747	0.0058458524652517	0.0055690766876071
primary	SUPER_7	828736	31	Carnivora	Martes martes	European pine marten	mMarMar1	TRA	0.0	low	0.5408450704225352	80.91036293934881	0.9528619528619529	6.451612903225799	0.0168244169433933	0.1685446269982238	0.0117130183797976	0.0186754286045254	0.004697515252143	0.0065618001390068
alternate	atg000696l_1	123972	4	Carnivora	Martes martes	European pine marten	mMarMar1	TRB	0.0	low	0.5263157894736842	54.035465277253394	0.5528455284552846	0.0	0.0176330139063659	0.1376278514503275	0.0131642628980737	0.017729809957087	0.0048156035233762	0.0081308682605749
paternal	SUPER_6	2489979	49	Carnivora	Meles meles	European badger	mMelMel3	IGH	0.0126342431000422	low	0.6236263736263736	90.82621542632324	0.9733333333333334	12.244897959183671	0.0159073630741464	0.4194244208485292	0.0116442749115554	0.0197929380127302	0.0105792056880801	0.005780771645062
maternal	CAKLPQ010000015.1	731522	36	Carnivora	Meles meles	European badger	mMelMel3	IGK	0.0	low	0.7514792899408284	91.7410153394596	1.0	38.88888888888889	0.0166898603186233	0.2393133767678894	0.0083018692534195	0.0387028688132414	0.0049690918386596	0.0045671900503334
maternal	CAKLPQ010000013.1	1802565	42	Carnivora	Meles meles	European badger	mMelMel3	IGL	0.0	low	0.5962059620596206	80.44539352348127	1.0	11.9047619047619	0.0177613567333216	0.327997048650118	0.0065861702629308	0.0225389930460205	0.0041440946651022	0.0061490154307889
paternal	SUPER_6	671361	30	Carnivora	Meles meles	European badger	mMelMel3	TRA	0.0	low	0.5434173669467787	80.47710665888735	0.9863013698630136	23.333333333333332	0.0182956710324251	0.22147548040473	0.012354009243909	0.0239215563608848	0.0058463330458575	0.0078616422461239
maternal	CAKLPQ010000010.1	128716	4	Carnivora	Meles meles	European badger	mMelMel3	TRB	0.0	low	0.5730027548209367	73.81146821660217	0.9016393442622952	0.0	0.0180008701326952	0.1809953696510146	0.0080409583890114	0.0141707324652723	0.0048556512010938	0.0101774449174927
haplotype2	JAQJZG010000010.1	4603516	112	Rodentia	Microtus californicus	California Vole	mMicCal1.0	IGH	0.0	low	0.5956873315363881	91.16825112975991	1.0	41.07142857142857	0.0131492971893656	0.2724752124245903	0.0094532092426745	0.0013276808422084	0.0009173423096607	0.004160298345873
haplotype1	JAQJZF010000001.1	2099892	49	Rodentia	Microtus californicus	California Vole	mMicCal1.0	IGK	0.0	low	0.6	80.52731084652915	0.9860627177700348	4.08163265306122	0.0151450646033224	0.231666676190966	0.0164960864653991	0.0012910187762037	0.0019205749629028	0.004271648256196
haplotype2	JAQJZG010000003.1	508195	8	Rodentia	Microtus californicus	California Vole	mMicCal1.0	IGL	0.0	low	0.5251256281407035	69.7464966354584	0.804093567251462	0.0	0.0183079329784826	0.2577239051938724	0.0129359792992847	0.000946487076811	0.0002341620834522	0.0052952114837808
haplotype1	JAQJZF010000013.1	554153	25	Rodentia	Microtus californicus	California Vole	mMicCal1.0	TRA	0.0	low	0.547945205479452	79.5866980705778	0.911660777385159	0.0	0.0156996352992765	0.1776134027967005	0.0259098119111508	0.0020211024753091	0.0	0.004302060983158
haplotype2	JAQJZG010000001.1	234491	2	Rodentia	Microtus californicus	California Vole	mMicCal1.0	TRB	0.0	low	0.5372340425531915	53.72340425531915	0.5372340425531915	0.0	0.0193994652246781	0.1545858902900324	0.0191180045289584	0.0	0.0005415986114605	0.0065546225654715
haplotype2	JARDRO010000009.1	578316	15	Carnivora	Mirounga angustirostris	Northern Elephant Seal	mMirAng1	IGH	0.1225748552694374	medium	0.5768194070080862	89.11785186287209	0.9602649006622516	26.66666666666666	0.0142655572386031	0.3347235767296772	0.0180472267756728	0.0160206530685645	0.0190276596186168	0.0140580582242234
haplotype1	JARDRN010000010.1	155279	6	Carnivora	Mirounga angustirostris	Northern Elephant Seal	mMirAng1	IGK	0.0	low	0.6278409090909091	73.89281332390306	0.8242424242424242	0.0	0.0211232684393897	0.1772937744318291	0.0225980332176276	0.0334365883345462	0.0075605844962937	0.0066911816794286
haplotype1	JARDRN010000014.1	4260731	60	Carnivora	Mirounga angustirostris	Northern Elephant Seal	mMirAng1	IGL	0.8569435620319612	high	0.664804469273743	95.72604078110191	1.0	73.33333333333333	0.01766222744407	0.2795118959633922	0.0176572987123571	0.0304128563854418	0.0120319729173233	0.006336940773778
haplotype1	JARDRN010000009.1	529974	25	Carnivora	Mirounga angustirostris	Northern Elephant Seal	mMirAng1	TRA	0.0	low	0.5292479108635098	86.68650800014018	1.0	48.0	0.020508553249782	0.158449282417628	0.009100446436995	0.0213218006921094	0.0120383264084653	0.0119987018231083
haplotype2	JARDRO010000013.1	108863	4	Carnivora	Mirounga angustirostris	Northern Elephant Seal	mMirAng1	TRB	0.0	low	0.5264550264550265	58.428625226180216	0.6056338028169014	0.0	0.0162865252657009	0.1709763647887712	0.0114272066726068	0.0251049484214103	0.0054104700403259	0.0100401421970733
primary	SUPER_1	1000353	15	Didelphimorphia	Monodelphis domestica	gray short-tailed opossum	mMonDom1	IGH	0.0	low	0.8913738019169329	92.87801741313724	0.946843853820598	0.0	0.0168330579305505	0.172495109226443	0.0	0.0	0.0	0.0047283308991925
primary	SUPER_3	2204385	66	Didelphimorphia	Monodelphis domestica	gray short-tailed opossum	mMonDom1	IGL	0.0177995223157479	low	0.8212121212121212	91.45565149918599	1.0	16.66666666666666	0.0241926886637316	0.0682271926183493	0.0	0.0	0.0	0.004097287905697
primary	SUPER_5	171104	7	Didelphimorphia	Monodelphis domestica	gray short-tailed opossum	mMonDom1	TRB	0.0	low	0.5474254742547425	79.43428498349641	0.9657534246575342	28.57142857142857	0.0335410043014774	0.0772045072002992	0.0	0.0	0.0	0.0012740789227604
primary	SUPER_12	373499	23	Rodentia	Muscardinus avellanarius	hazel dormouse	mMusAve1	IGH	0.0	low	0.8235294117647058	94.12666610804084	1.0	52.17391304347826	0.0180696601597326	0.2380541848840291	0.0062034971981183	0.0012208868029097	0.0171111569241149	0.0006318624681726
primary	SUPER_15	207794	25	Rodentia	Muscardinus avellanarius	hazel dormouse	mMusAve1	IGK	0.0	low	0.8397435897435898	89.75592621871894	0.972508591065292	8.0	0.0270556416450908	0.1187137260941124	0.0025121033331087	0.0003946215963887	0.0109531555290335	0.001217551998614
primary	SUPER_21	369951	42	Rodentia	Muscardinus avellanarius	hazel dormouse	mMusAve1	IGL	0.0	low	0.6153846153846154	92.41872148084323	1.0	40.476190476190474	0.0163237834199664	0.0662493140983535	0.007822657595195	0.0033572013590989	0.0082875840313987	0.0069603812396776
alternate	atg005097l_1	130749	10	Rodentia	Muscardinus avellanarius	hazel dormouse	mMusAve1	TRB	0.0	low	0.5442359249329759	64.45991070515188	0.8125	0.0	0.0171244139534527	0.1688578880144398	0.0190058814981376	0.0158318610467384	0.0112964535101606	0.0039082516883494
primary	Super_Scaffold_2	2325178	41	Carnivora	Mustela erminea	stoat	mMusErm1	IGL	0.0	low	0.6	80.28857570627994	0.9726027397260274	4.8780487804878	0.0178330433196942	0.3212252997404929	0.0061427555223729	0.0178678793623541	0.0064820843823569	0.0065263820662332
primary	scaffold_5_arrow_ctg1	787579	31	Carnivora	Mustela erminea	stoat	mMusErm1	TRA	0.0	low	0.5449438202247191	78.01655209796779	0.9461279461279462	0.0	0.0174611054891001	0.208029924617086	0.0090924212047299	0.0211953340553773	0.0051956692598456	0.008802926436586
alternate	000110F_016_arrow_arrow	149172	9	Carnivora	Mustela erminea	stoat	mMusErm1	TRB	0.0	low	0.5413333333333333	76.60752912392704	1.0	44.44444444444444	0.0182138739173571	0.1258748290563912	0.0102029871557664	0.0156865899766712	0.0037004263534711	0.007126002198804
primary	SUPER_7	1327671	46	Carnivora	Mustela lutreola	European mink	mMusLut2	IGH	0.0140531803436242	low	0.8159509202453987	94.07986828276994	1.0	41.30434782608695	0.0159640453094177	0.3948493263767906	0.0063215962388272	0.0165756426102551	0.0138957618265368	0.0058154467484791
primary	SUPER_9	763828	54	Carnivora	Mustela lutreola	European mink	mMusLut2	IGK	0.0	low	0.5913978494623656	88.34888373766631	1.0	11.11111111111111	0.0189414370774572	0.1892965432008253	0.0085280979487528	0.0376393638358373	0.0075448923055975	0.0068287624962687
primary	SUPER_11	1981247	42	Carnivora	Mustela lutreola	European mink	mMusLut2	IGL	0.0	low	0.5922865013774105	79.52534247677713	0.952542372881356	4.76190476190476	0.0184565579152927	0.3495122011541216	0.0062622176841151	0.0181411000243785	0.0057070117961061	0.0063480222304437
primary	SUPER_7	742575	36	Carnivora	Mustela lutreola	European mink	mMusLut2	TRA	0.0	low	0.5495750708215298	80.35288518107895	0.9581881533101044	11.11111111111111	0.0179672086994579	0.195044271622395	0.0114493485506514	0.0233336699996633	0.0057421809244857	0.0076436723563276
alternate	atg001107l_path_1	131682	6	Carnivora	Mustela lutreola	European mink	mMusLut2	TRB	0.0	low	0.5274151436031331	57.32957853705418	0.6438746438746439	0.0	0.018339636396774	0.1361765465287586	0.0111328807278139	0.0194635561428289	0.0039565012682067	0.0085281207758083
haplotype2	scaffold_8	1508319	47	Carnivora	Mustela nivalis	Least weasel	mMusNiv1	IGH	0.017335192356524	low	0.7771084337349398	91.31124851385593	0.9865771812080536	21.27659574468085	0.015165889974203	0.4170881623847475	0.0096100360732709	0.0125053122051767	0.0087156629333715	0.0060033719657446
haplotype1	scaffold_1	971988	60	Carnivora	Mustela nivalis	Least weasel	mMusNiv1	IGK	0.0	low	0.7180232558139535	90.31382077339069	1.0	25.0	0.020906636707449	0.1924591661625452	0.0083550414202644	0.0384963600373667	0.0088015489903167	0.0082645053231109
haplotype2	scaffold_14	1940750	42	Carnivora	Mustela nivalis	Least weasel	mMusNiv1	IGL	0.033690068272575	low	0.6005434782608695	80.15528214306622	0.952542372881356	4.76190476190476	0.017260852763107	0.3589308257117093	0.0059229679247713	0.0179399716604405	0.007390441839495	0.0058168233930181
haplotype2	scaffold_8	769152	32	Carnivora	Mustela nivalis	Least weasel	mMusNiv1	TRA	0.0	low	0.5577464788732395	78.63573583173033	0.9581881533101044	6.25	0.015968235147279	0.2034617344816109	0.0101163359127974	0.0213715884506573	0.0043671471958728	0.0082493447329006
haplotype2	scaffold_12	134077	7	Carnivora	Mustela nivalis	Least weasel	mMusNiv1	TRB	0.0	low	0.5343915343915344	66.91934241864571	0.9108910891089108	0.0	0.0213832350067498	0.1456774838339163	0.0118812324261431	0.018452083504255	0.0041095788241085	0.0085846192859327
primary	SUPER_20	1257803	63	Chiroptera	Myotis daubentonii	Daubenton's bat	mMyoDau2	IGH	0.0248035662182392	low	0.7601246105919003	85.5820243518519	0.9865771812080536	6.349206349206341	0.021108233960326	0.1792021485081527	0.0185243635132051	0.0240769023448028	0.0219056561321606	0.0029710534956587
primary	SUPER_19	503100	98	Chiroptera	Myotis daubentonii	Daubenton's bat	mMyoDau2	IGL	0.0246690518783542	low	0.7507598784194529	89.42133758142339	0.9930795847750864	29.59183673469387	0.0234168157423971	0.06472470681773	0.0040409461339693	0.0083581792884118	0.0006678592725104	0.0056867421983701
primary	SUPER_1	994401	37	Chiroptera	Myotis daubentonii	Daubenton's bat	mMyoDau2	TRA	0.0	low	0.5314285714285715	79.9677540874821	0.9790940766550522	5.4054054054054	0.0186624912887255	0.1550139229546229	0.0101880428519279	0.0169881164640824	0.005377106418839	0.0046490299185137
primary	SUPER_10	280469	13	Chiroptera	Myotis daubentonii	Daubenton's bat	mMyoDau2	TRB	0.0	low	0.5079787234042553	78.02756882849958	0.9661016949152542	15.38461538461538	0.0159482866199116	0.112069426567642	0.0121867300842517	0.0202090070560382	0.0	0.0026027831952907
haplotype1	JAPQVT010000022.1	1626490	62	Chiroptera	Myotis yumanensis	Yuma myotis	mMyoYum1.0	IGH	0.0479154498336909	low	0.7225433526011561	84.45331524440833	0.922077922077922	0.0	0.0186825618356091	0.1564577710284108	0.0184415520538091	0.0232156361244151	0.0198285879409034	0.0033815147956642
haplotype1	JAPQVT010000019.1	597644	119	Chiroptera	Myotis yumanensis	Yuma myotis	mMyoYum1.0	IGL	0.0381665339232051	low	0.651685393258427	87.41581989479413	1.0	16.806722689075627	0.0185746029408811	0.0468339011183915	0.0046298465307105	0.0064603677105434	0.0037781689433843	0.006145799171413
haplotype1	JAPQVT010000001.1	1030360	32	Chiroptera	Myotis yumanensis	Yuma myotis	mMyoYum1.0	TRA	0.0	low	0.5149863760217984	81.93522421441604	0.9929078014184396	40.625	0.0152325400830777	0.1446940875033968	0.0098266625257191	0.0167805427229317	0.0063705889203773	0.005398113280795
haplotype2	JAPQVU010000011.1	276952	15	Chiroptera	Myotis yumanensis	Yuma myotis	mMyoYum1.0	TRB	0.0	low	0.5267379679144385	70.88130404150324	0.9069767441860463	0.0	0.0165335509402351	0.1077154163898437	0.007279239723851	0.0209458678760218	0.0	0.003321875270805
primary	SUPER_7	1934639	48	Carnivora	Neofelis nebulosa	Clouded leopard	mNeoNeb1	IGH	0.8605615828069216	high	0.5907859078590786	94.79135047015896	1.0	58.333333333333336	0.0115313502932588	0.4143785998318032	0.0033613506189009	0.0198693399647169	0.0275012547560552	0.0067035762227474
primary	SUPER_9	152113	10	Carnivora	Neofelis nebulosa	Clouded leopard	mNeoNeb1	IGK	0.0	low	0.6521739130434783	87.8703741877353	0.9738562091503268	40.0	0.0300171582967925	0.1456285787539526	0.0134571009709886	0.0470176776475383	0.0081321123112423	0.012924602105014
primary	SUPER_11	1232772	64	Carnivora	Neofelis nebulosa	Clouded leopard	mNeoNeb1	IGL	0.0	low	0.6563380281690141	92.31387374589865	1.0	67.1875	0.0230115544480244	0.1850496279928486	0.010048897930842	0.0321665320107854	0.0122763982309786	0.0069201766425583
primary	SUPER_7	484513	28	Carnivora	Neofelis nebulosa	Clouded leopard	mNeoNeb1	TRA	0.0	low	0.5401662049861495	78.71411233150144	1.0	25.0	0.0297205647732878	0.1546088546643743	0.0139975604369748	0.0263357226741078	0.0093041879165264	0.018375151956707
primary	SUPER_4	129422	6	Carnivora	Neofelis nebulosa	Clouded leopard	mNeoNeb1	TRB	0.0	low	0.5294117647058824	59.37717708024765	0.615819209039548	0.0	0.0279318817511705	0.1923475143329573	0.0066990156233097	0.0224691319868337	0.0043501104912611	0.0117599789834803
primary	SUPER_6	927067	22	Primates	Nycticebus coucang	slow loris	mNycCou1	IGH	0.2300405472312141	medium	0.8215384615384616	91.0484600904572	0.9483870967741936	0.0	0.0112009164386177	0.3136623350847349	0.0041140500093305	0.0166180006407303	0.0293560228117277	0.0031033355733727
primary	SUPER_4	703933	16	Primates	Nycticebus coucang	slow loris	mNycCou1	IGK	0.0	low	0.752906976744186	82.91350088934142	0.8881578947368421	0.0	0.0105876553592458	0.304466476212935	0.0169661033081273	0.0024292084616007	0.0093091245899822	0.004408089974472
primary	SUPER_4	5878440	88	Primates	Nycticebus coucang	slow loris	mNycCou1	IGL	0.0194737039078394	low	0.6333333333333333	92.74210979216339	1.0	54.54545454545454	0.009034029436381	0.1554963561761283	0.0147127469192506	0.0074051959363368	0.0122376004518205	0.0026256966133872
alternate	atg000243l_1	833438	41	Primates	Nycticebus coucang	slow loris	mNycCou1	TRA	0.0	low	0.5485714285714286	80.34241330630874	0.9645390070921984	9.75609756097561	0.0091692483424081	0.3010889832237071	0.0110650102347145	0.0239189957741307	0.0034783631175924	0.0032047974774368
alternate	atg000415l_1	315228	19	Primates	Nycticebus coucang	slow loris	mNycCou1	TRB	0.0	low	0.5582655826558266	73.09128884434797	0.8952702702702703	0.0	0.01022434555306	0.1905858616620351	0.0168068826373291	0.0232625274404558	0.0102306901671171	0.0022999225957085
primary	SUPER_2	340667	28	Artiodactyla	Orcinus orca	killer whale	mOrcOrc1	IGH	0.6809641086456862	high	0.6818181818181818	93.91929687284775	0.9730639730639732	53.57142857142857	0.0174334467383104	0.2226543809644021	0.0204627979816066	0.0	0.0504246081950996	0.0017583153049752
primary	SUPER_13	65591	1	Artiodactyla	Orcinus orca	killer whale	mOrcOrc1	IGK	0.0	low	0.0	0.0	0.0	0.0	0.0176701071793386	0.1965056181488313	0.0338613529295177	0.0420789437575277	0.0105959659099571	0.0029119848759738
primary	SUPER_15	352384	28	Artiodactyla	Orcinus orca	killer whale	mOrcOrc1	IGL	0.0	low	0.5918367346938775	90.98037079401877	1.0	64.28571428571429	0.0136981247729749	0.0942693198329095	0.0242406011623683	0.077319061024337	0.0024320059934616	0.0031897021431166
primary	SUPER_2	703507	37	Artiodactyla	Orcinus orca	killer whale	mOrcOrc1	TRA	0.8852221797366622	high	0.919732441471572	97.65023710988861	1.0	89.1891891891892	0.0093929413637675	0.2491304279843697	0.0083268538905796	0.0562254533359298	0.0078691470020909	0.001532323061462
alternate	atg001820l_1	92322	5	Artiodactyla	Orcinus orca	killer whale	mOrcOrc1	TRB	0.0	low	0.543010752688172	59.649396158190186	0.6353276353276354	0.0	0.0159225320075388	0.1490760598773856	0.0219557635233205	0.0226164944433612	0.0016680747817421	0.0025129438270401
alternate	JAOPKX010000011.1	2899058	147	Rodentia	Peromyscus maniculatus	deer mouse	mPerMan1.0	IGH	0.0446438118864817	low	0.5910780669144982	90.70209911380005	1.0	32.65306122448979	0.0203997298432801	0.1489901202390569	0.0153663707314582	0.001668128060908	0.0028240207681253	0.0022835003646011
alternate	JAOPKX010000009.1	4254990	176	Rodentia	Peromyscus maniculatus	deer mouse	mPerMan1.0	IGK	0.0	low	0.6459627329192547	91.1694309365632	1.0	34.090909090909086	0.0208729045191645	0.1793738645684243	0.0252776152235375	0.0015828474332489	0.002813637634871	0.0038145800577674
primary	JAOPKW010000054.1	1667348	18	Rodentia	Peromyscus maniculatus	deer mouse	mPerMan1.0	IGL	0.0	low	0.5234159779614325	86.7323629578595	0.9470198675496688	0.0	0.020094785251789	0.1919923135422239	0.0176177978442412	0.0025489579859753	0.0008054707235682	0.0041850891355613
alternate	JAOPKX010000029.1	1346329	68	Rodentia	Peromyscus maniculatus	deer mouse	mPerMan1.0	TRA	0.0	low	0.5754985754985755	91.77669036866723	0.9928057553956836	39.70588235294117	0.0192404679688248	0.2065787782926758	0.046097944855975	0.0041616870764872	0.0008578883764666	0.0042998405293208
alternate	JAOPKX010000037.1	200733	7	Rodentia	Peromyscus maniculatus	deer mouse	mPerMan1.0	TRB	0.0	low	0.6072423398328691	81.79285364907241	0.9657534246575342	42.85714285714285	0.0251229244817743	0.0886401339092227	0.0260794189296229	0.0058037293319982	0.0069246212630708	0.0024609805064438
primary	scaffold_2_arrow_ctg1	214038	9	Artiodactyla	Phocoena sinus	vaquita	mPhoSin1	IGH	0.4110485054055822	medium	0.8557993730407524	94.70659065721205	0.9664429530201344	77.77777777777779	0.021860604191779	0.2451293695512011	0.012301553929676	0.0	0.0556349807043609	0.0030181556546033
primary	scaffold_11_arrow_ctg1	103548	3	Artiodactyla	Phocoena sinus	vaquita	mPhoSin1	IGK	0.0	low	0.579088471849866	70.37507381799747	0.7660818713450293	0.0	0.0155773167999381	0.248435508170124	0.0297736315525167	0.0343319040445011	0.0129312009889133	0.0036021941515046
primary	scaffold_8_arrow_ctg1	123828	5	Artiodactyla	Phocoena sinus	vaquita	mPhoSin1	TRB	0.0	low	0.5456989247311828	58.25205574530044	0.6267806267806267	0.0	0.0124769842038957	0.1392253771360274	0.0311561197790483	0.0315276028038892	0.0013324934586684	0.0015424621248829
primary	SUPER_1	3195581	640	Chiroptera	Plecotus auritus	brown big-eared bat	mPleAur1	IGH	0.2639642055701295	medium	0.8229508196721311	97.48722331110976	1.0	79.84375	0.0341027187231367	0.1309026433690774	0.0147287770205167	0.013029242569661	0.0125682935278436	0.0066904891473569
primary	SUPER_13	739202	147	Chiroptera	Plecotus auritus	brown big-eared bat	mPleAur1	IGL	0.0	low	0.6191780821917808	93.34234350483104	1.0	42.85714285714285	0.0307764318819483	0.0547428172542823	0.0049972808515128	0.0122726940673861	0.0004694251368367	0.0053517171219774
primary	SUPER_1	651933	25	Chiroptera	Plecotus auritus	brown big-eared bat	mPleAur1	TRA	0.0	low	0.5263157894736842	75.07569761685721	0.9929824561403509	32.0	0.0177303495911389	0.2090322165007754	0.0086113143528552	0.0126638780365467	0.0044651827718492	0.0060220912271659
alternate	atg000580l_1	245764	13	Chiroptera	Plecotus auritus	brown big-eared bat	mPleAur1	TRB	0.0	low	0.5106382978723404	68.54817431787494	0.8068535825545171	0.0	0.0136106183167591	0.1289041519506518	0.0123533145619374	0.0198442408163929	0.0	0.0034463957292361
haplotype1	CM060209.1	1524091	58	Carnivora	Puma concolor	Mountain Lion	mPumCon1.1	IGH	0.8447579573660627	high	0.5887096774193549	96.9883106278538	1.0	75.86206896551724	0.0150010727705891	0.3749553012254518	0.0033016401251631	0.0168008340709314	0.0555176823431146	0.0034249923396962
haplotype2	CM060226.1	152164	9	Carnivora	Puma concolor	Mountain Lion	mPumCon1.1	IGK	0.0	low	0.6705539358600583	88.72632683517566	0.980327868852459	33.33333333333333	0.0340159301805946	0.1439828080229226	0.0148655398123077	0.0481914250414027	0.0072947609158539	0.013662890039694
haplotype1	CM060215.1	1229347	81	Carnivora	Puma concolor	Mountain Lion	mPumCon1.1	IGL	0.2556511709061803	medium	0.6302521008403361	91.80223082250191	1.0	55.55555555555556	0.0222817479523682	0.187982725788569	0.0134290806419993	0.0320641771607202	0.0101061783206856	0.0078350538944659
haplotype1	CM060209.1	491347	28	Carnivora	Puma concolor	Mountain Lion	mPumCon1.1	TRA	0.0	low	0.5257452574525745	74.11118124729951	0.978798586572438	25.0	0.0361068654128345	0.1537365649937824	0.0146169611293037	0.0259246520279965	0.0097466759744131	0.0129460442416459
haplotype2	CM060225.1	129608	6	Carnivora	Puma concolor	Mountain Lion	mPumCon1.1	TRB	0.0	low	0.5253333333333333	59.130426481085664	0.615819209039548	0.0	0.0265492870810443	0.1942626998333436	0.0087417443367693	0.022182272699216	0.0043207209431516	0.0116582309733967
alternate	hap_ptg001007l_1_1	2998196	167	Eulipotyphla	Sorex araneus	Common shrew	mSorAra2	IGH	0.0131088828081953	low	0.7544910179640718	89.06332266753282	0.979933110367893	13.17365269461078	0.0176412749533386	0.06237717614192	0.0	0.0	0.0	0.0053505507978797
primary	SUPER_X	1907163	33	Eulipotyphla	Sorex araneus	Common shrew	mSorAra2	IGK	0.0	low	0.782608695652174	87.14392805923309	0.9929824561403509	6.06060606060606	0.0084733187462214	0.0202494490507628	0.0010890521680632	0.0001101111965783	0.0	0.0009354208318848
primary	SUPER_9	3508363	186	Eulipotyphla	Sorex araneus	Common shrew	mSorAra2	IGL	0.2560755543254788	medium	0.6281690140845071	93.31533165971791	1.0	53.76344086021505	0.018191390115561	0.1020772365915385	0.000163894101038	0.000458333416468	0.0005093543627042	0.0050673205708759
primary	SUPER_3	643487	24	Eulipotyphla	Sorex araneus	Common shrew	mSorAra2	TRA	0.0	low	0.5204359673024523	74.42985364925643	0.965034965034965	16.66666666666666	0.0223485478339111	0.083084817564302	0.004024945336891	0.0105270191938609	0.0018508532417904	0.0061073494880238
primary	SUPER_1	226453	6	Eulipotyphla	Sorex araneus	Common shrew	mSorAra2	TRB	0.0	low	0.5251989389920424	76.01135514231557	0.8819672131147541	0.0	0.0220840527615001	0.0548590656780877	0.0013556897016157	0.0005652387029538	0.0	0.0041951309984853
primary	JANJXV010000359.1	651011	54	Rodentia	Thomomys bottae	Botta's pocket gopher	mThoBot1.0	IGH	0.027741466734049	low	0.7235494880546075	92.61582227676594	0.9865771812080536	29.629629629629626	0.0259135406314179	0.0722384107180984	0.0006128928697057	0.0	0.0020322237258663	0.0095236486019437
alternate	JANJXW010000010.1	4196534	141	Rodentia	Thomomys bottae	Botta's pocket gopher	mThoBot1.0	IGK	0.2083450294933866	medium	0.637883008356546	95.2282557658932	1.0	67.37588652482269	0.0173197691237578	0.1264905753176311	0.0002206582860999	0.0	0.0001446431745816	0.0057678550918448
primary	JANJXV010000011.1	455269	21	Rodentia	Thomomys bottae	Botta's pocket gopher	mThoBot1.0	TRA	0.0232214361179873	low	0.5235457063711911	85.43251708735191	0.9854545454545456	19.04761904761904	0.0151624643891852	0.1235621138272098	0.0039251519431369	0.0024359224985667	0.0014628714013034	0.0058888261665081
alternate	JANJXW010000007.1	106829	10	Rodentia	Thomomys bottae	Botta's pocket gopher	mThoBot1.0	TRB	0.0	low	0.5392953929539296	82.1297763461233	1.0	60.0	0.0205468552546593	0.0226062211571764	0.0037911054114519	0.0028924730176263	0.0	0.0092016212826105
primary	JANIGQ010000027.1	467910	26	Carnivora	Ursus americanus	American black bear	mUrsAme1.0	IGH	0.4259408860678335	medium	0.934640522875817	97.69659496111728	1.0	84.61538461538461	0.0209356500181658	0.3552478040648842	0.0097775213182022	0.0157765382231625	0.0089247932294672	0.0019127610010472
primary	JANIGQ010000014.1	190385	17	Carnivora	Ursus americanus	American black bear	mUrsAme1.0	IGK	0.0	low	0.6686046511627907	84.26373719700541	0.9421221864951768	0.0	0.0153425952674843	0.1422538540326181	0.0172860256847965	0.0285631746198492	0.0068177640045171	0.0064238254064133
primary	JANIGQ010000004.1	139591	8	Carnivora	Ursus americanus	American black bear	mUrsAme1.0	TRB	0.0	low	0.5757575757575758	68.35449295048195	0.9141914191419142	0.0	0.0245431295713907	0.1400161901555258	0.0218996926735964	0.0167346032337328	0.0045346763043462	0.0057955025753809
alternate	000081F_037_arrow	380626	9	Carnivora	Zalophus californianus	California sea lion	mZalCal1	IGH	0.0164544723692023	low	0.8778135048231511	95.89268352539644	1.0	55.55555555555556	0.0195388649225223	0.2871480140610468	0.0235953403078087	0.0198882892918507	0.0361772448545291	0.0079053979496934
primary	SUPER_8	138866	5	Carnivora	Zalophus californianus	California sea lion	mZalCal1	IGK	0.0	low	0.5643044619422573	77.8205548354608	1.0	40.0	0.0182910143591663	0.2856350726599743	0.0162962856278714	0.0194504054268143	0.0076260567741563	0.0066106894416199
primary	SUPER_14	471412	13	Carnivora	Zalophus californianus	California sea lion	mZalCal1	IGL	0.0	low	0.6581196581196581	85.73641901014545	1.0	30.76923076923077	0.0151332592297183	0.2065390783433599	0.0140811010326423	0.0203304116144688	0.0411656894605992	0.0069684267689409
alternate	000007F_001_arrow	503792	21	Carnivora	Zalophus californianus	California sea lion	mZalCal1	TRA	0.0	low	0.5224719101123596	75.23998643939275	0.9646643109540636	9.52380952380952	0.0200618509226029	0.1702666973671674	0.0101668942738272	0.0221400895607711	0.0097659351478387	0.0085848921777241
alternate	000002F_171_arrow	136310	7	Carnivora	Zalophus californianus	California sea lion	mZalCal1	TRB	0.0	low	0.5579514824797843	67.91436577911621	0.9269102990033222	0.0	0.0143202993177316	0.1836182231677793	0.0261316117672951	0.0274081138581175	0.0029198151272833	0.0059423373193456
maternal	CM071524.1	810744	30	Perissodactyla	Equus caballus	horse	mEquCab1	IGH	0.1024910452621296	medium	0.6064690026954178	87.12576585954069	1.0	36.66666666666666	0.0126180397264734	0.1907766199934874	0.0271306355643705	0.0650155906180002	0.033623437237895	0.0004884402474763
primary	CM107798.1	469924	37	Artiodactyla	Sus scrofa	wild boar	mSusScr2	IGH	0.0892506022250406	medium	0.9297124600638976	97.58977756168844	1.0	78.37837837837837	0.0063478349690588	0.3001315106272503	0.0081672781130565	0.0027195886994492	0.0052540410789829	0.0016640988755628
primary	CM107805.1	293732	20	Artiodactyla	Sus scrofa	wild boar	mSusScr2	IGL	0.0	low	0.6253521126760564	90.86099092894504	0.9933774834437086	50.0	0.0249513161657565	0.1217504391758473	0.0087222365966254	0.0174989446161807	0.0003064017539798	0.0113096291857884
paternal	CM071538.1	1305981	34	Perissodactyla	Equus caballus	horse	mEquCab1	IGL	0.0534808699360863	low	0.6	82.27470496611554	0.9797297297297296	8.8235294117647	0.008110378328628	0.1870762285209356	0.0234076912298111	0.0280831038123831	0.0121984929336644	0.0008116503992018
maternal	CM071508.1	891843	21	Perissodactyla	Equus caballus	horse	mEquCab1	IGK	0.0045703111422077	low	0.5757575757575758	82.74911915670886	0.9930555555555556	9.52380952380952	0.0078724618570757	0.341051059435349	0.0349826146530274	0.0209106311312641	0.0127309403112431	0.0016650912772763
primary	CM107794.1	773732	30	Artiodactyla	Sus scrofa	wild boar	mSusScr2	IGK	0.3055747985090444	medium	0.8297872340425532	96.245692178684	1.0	76.66666666666667	0.01525592840932	0.1631805327943008	0.0069261708188364	0.027189000842669	0.0042430712443068	0.0029053987685658
primary	CM107798.1	777348	36	Artiodactyla	Sus scrofa	wild boar	mSusScr2	TRA	0.0	low	0.4973404255319149	87.00730313337789	1.0	44.44444444444444	0.0215000231556522	0.136601625012221	0.0116138460509321	0.0339564776650869	0.0027902561015143	0.0057181596916696
paternal	CM071533.1	2649072	127	Perissodactyla	Equus caballus	horse	mEquCab1	TRA	0.3219987980696636	medium	0.5335195530726257	88.7087795584318	1.0	38.582677165354326	0.0074422288257925	0.2224080734687468	0.0287795122216383	0.045732241328284	0.0133714749919971	0.00216339910731
maternal	CM071505.1	842432	29	Perissodactyla	Equus caballus	horse	mEquCab1	TRB	0.0	low	0.5213903743315508	78.41537704429615	0.9594594594594594	6.89655172413793	0.008052875484312	0.1759631637924485	0.0213227892577679	0.0248293037301527	0.0073133499202309	0.0011454930486971
primary	CM107809.1	152980	7	Artiodactyla	Sus scrofa	wild boar	mSusScr2	TRB	0.0	low	0.5320855614973262	66.81054876819942	0.9297658862876256	0.0	0.0248006275330108	0.1159824813701137	0.0264544384886913	0.0145705320956987	0.0026081840763498	0.0053405673944306
